{
  "project_info": {
    "project_number": "761814393212",
    "firebase_url": "https://jeevika-a1c0f.firebaseio.com",
    "project_id": "jeevika-a1c0f",
    "storage_bucket": "jeevika-a1c0f.appspot.com"
  },
  "client": [
    {
      "client_info": {
        "mobilesdk_app_id": "1:761814393212:android:716e960c7d7a2d87cdc4f9",
        "android_client_info": {
          "package_name": "android.com.jeevika"
        }
      },
      "oauth_client": [
        {
          "client_id": "761814393212-5bqnbdgcm27rjnhqffjn59evj7snub2s.apps.googleusercontent.com",
          "client_type": 1,
          "android_info": {
            "package_name": "android.com.jeevika",
            "certificate_hash": "6a2902ec3fd1696ef7af2381e1a6931be7001156"
          }
        },
        {
          "client_id": "761814393212-1s5ktqq7tjloda6fl9e9m5e2nb474pbj.apps.googleusercontent.com",
          "client_type": 3
        }
      ],
      "api_key": [
        {
          "current_key": "AIzaSyCffonjC90wJVNgN8TRCSoxo79yOvupiKk"
        }
      ],
      "services": {
        "appinvite_service": {
          "other_platform_oauth_client": [
            {
              "client_id": "761814393212-1s5ktqq7tjloda6fl9e9m5e2nb474pbj.apps.googleusercontent.com",
              "client_type": 3
            }
          ]
        }
      }
    },
    {
      "client_info": {
        "mobilesdk_app_id": "1:761814393212:android:aad5fab2998aba08cdc4f9",
        "android_client_info": {
          "package_name": "parichay.adefault.manager_app"
        }
      },
      "oauth_client": [
        {
          "client_id": "761814393212-2h7qdff4107oje4da16alah3sa5b8ulu.apps.googleusercontent.com",
          "client_type": 1,
          "android_info": {
            "package_name": "parichay.adefault.manager_app",
            "certificate_hash": "a50925968eb107a75decab9a490299ea06dd3c9d"
          }
        },
        {
          "client_id": "761814393212-1s5ktqq7tjloda6fl9e9m5e2nb474pbj.apps.googleusercontent.com",
          "client_type": 3
        }
      ],
      "api_key": [
        {
          "current_key": "AIzaSyCffonjC90wJVNgN8TRCSoxo79yOvupiKk"
        }
      ],
      "services": {
        "appinvite_service": {
          "other_platform_oauth_client": [
            {
              "client_id": "761814393212-1s5ktqq7tjloda6fl9e9m5e2nb474pbj.apps.googleusercontent.com",
              "client_type": 3
            }
          ]
        }
      }
    }
  ],
  "configuration_version": "1"
}